[
{
    "pk": 26,
    "model": "API.scene",
    "fields": {
        "background_scale": "4000.00",
        "background": 112,
        "name": "Central Station",
        "version": "2015-04-02T06:25:10.221Z",
        "description": "N.Y. Central Station",
        "thumbnail": "scene-thumbnails/26/thumbnail.png"
    }
},
{
    "pk": 28,
    "model": "API.scene",
    "fields": {
        "background_scale": "1.00",
        "background": 117,
        "name": "American Diner",
        "version": "2014-12-10T19:34:32.662Z",
        "description": "Diner",
        "thumbnail": "scene-thumbnails/28/thumbnail.png"
    }
},
{
    "pk": 34,
    "model": "API.scene",
    "fields": {
        "background_scale": "1.00",
        "background": 123,
        "name": "Japanese Vegetable Shop",
        "version": "2015-02-04T18:25:23.986Z",
        "description": "Yaoya",
        "thumbnail": "scene-thumbnails/34/thumbnail.png"
    }
},
{
    "pk": 35,
    "model": "API.scene",
    "fields": {
        "background_scale": "1.00",
        "background": 124,
        "name": "French Market",
        "version": "2015-02-11T16:24:26.451Z",
        "description": "Frenchi Market",
        "thumbnail": "scene-thumbnails/35/thumbnail.png"
    }
},
{
    "pk": 40,
    "model": "API.scene",
    "fields": {
        "background_scale": "0.50",
        "background": 126,
        "name": "Name of Scene",
        "version": "2015-01-31T18:02:09.901Z",
        "description": "Description of Scene",
        "thumbnail": "scene-thumbnails/40/thumbnail.png"
    }
},
{
    "pk": 42,
    "model": "API.scene",
    "fields": {
        "background_scale": "1.00",
        "background": 109,
        "name": "Benesse English School",
        "version": "2015-03-31T01:27:14.198Z",
        "description": "Children's Story (1)",
        "thumbnail": "scene-thumbnails/42/thumbnail.png"
    }
},
{
    "pk": 45,
    "model": "API.scene",
    "fields": {
        "background_scale": "1.00",
        "background": 129,
        "name": "\u30ad\u30c3\u30c1\u30f3",
        "version": "2015-02-04T17:59:52.757Z",
        "description": "Thanksgiving Dinner",
        "thumbnail": "scene-thumbnails/45/thumbnail.png"
    }
},
{
    "pk": 47,
    "model": "API.scene",
    "fields": {
        "background_scale": "1.00",
        "background": 130,
        "name": "\u3084\u304a\u3084",
        "version": "2015-04-02T06:26:46.663Z",
        "description": "Fruit stand",
        "thumbnail": "scene-thumbnails/47/thumbnail.png"
    }
},
{
    "pk": 49,
    "model": "API.scene",
    "fields": {
        "background_scale": "1.00",
        "background": 131,
        "name": "Fast Food",
        "version": "2015-01-31T20:00:16.113Z",
        "description": "Fast food restaurant: order food",
        "thumbnail": "scene-thumbnails/49/thumbnail.png"
    }
},
{
    "pk": 53,
    "model": "API.scene",
    "fields": {
        "background_scale": "1.00",
        "background": 134,
        "name": "ice cream",
        "version": "2015-01-31T20:18:24.131Z",
        "description": "ice cream shop",
        "thumbnail": "scene-thumbnails/53/thumbnail.png"
    }
},
{
    "pk": 54,
    "model": "API.scene",
    "fields": {
        "background_scale": "1.00",
        "background": 135,
        "name": "\u3055\u308b\u306e\u6e29\u6cc9",
        "version": "2015-02-11T16:17:05.039Z",
        "description": "monkey in the hot spring",
        "thumbnail": "scene-thumbnails/54/thumbnail.png"
    }
},
{
    "pk": 55,
    "model": "API.scene",
    "fields": {
        "background_scale": "1.00",
        "background": 113,
        "name": "test scene",
        "version": "2015-04-01T15:55:40.918Z",
        "description": "test for benesse ws",
        "thumbnail": "scene-thumbnails/55/thumbnail.png"
    }
},
{
    "pk": 62,
    "model": "API.scene",
    "fields": {
        "background_scale": "1.00",
        "background": 138,
        "name": "testing",
        "version": "2015-02-11T16:23:25.508Z",
        "description": "pedagogy team",
        "thumbnail": "scene-thumbnails/62/thumbnail.png"
    }
},
{
    "pk": 63,
    "model": "API.scene",
    "fields": {
        "background_scale": "1.00",
        "background": 139,
        "name": "test for Takahashisan",
        "version": "2015-02-20T20:28:30.258Z",
        "description": "test test",
        "thumbnail": "scene-thumbnails/63/thumbnail.png"
    }
},
{
    "pk": 64,
    "model": "API.scene",
    "fields": {
        "background_scale": "0.80",
        "background": 141,
        "name": "Park_Benetest",
        "version": "2015-02-22T19:05:53.439Z",
        "description": "",
        "thumbnail": "scene-thumbnails/64/thumbnail.png"
    }
},
{
    "pk": 67,
    "model": "API.scene",
    "fields": {
        "background_scale": "1.40",
        "background": 149,
        "name": "hawaii",
        "version": "2015-03-16T05:58:28.940Z",
        "description": "hawaii",
        "thumbnail": "scene-thumbnails/67/thumbnail.png"
    }
},
{
    "pk": 69,
    "model": "API.scene",
    "fields": {
        "background_scale": "1.40",
        "background": 155,
        "name": "kangaroo",
        "version": "2015-03-09T07:56:29.909Z",
        "description": "kangaroo",
        "thumbnail": "scene-thumbnails/69/thumbnail.png"
    }
},
{
    "pk": 77,
    "model": "API.scene",
    "fields": {
        "background_scale": "1.00",
        "background": 172,
        "name": "Mad Scientist's Lab",
        "version": "2015-03-13T13:54:22.770Z",
        "description": "",
        "thumbnail": "scene-thumbnails/77/thumbnail.png"
    }
},
{
    "pk": 79,
    "model": "API.scene",
    "fields": {
        "background_scale": "1.40",
        "background": 177,
        "name": "01_1bear",
        "version": "2015-04-02T06:25:25.194Z",
        "description": "",
        "thumbnail": "scene-thumbnails/79/thumbnail.png"
    }
},
{
    "pk": 81,
    "model": "API.scene",
    "fields": {
        "background_scale": "1.40",
        "background": 184,
        "name": "01_cakeshop",
        "version": "2015-04-02T06:25:36.575Z",
        "description": "",
        "thumbnail": "scene-thumbnails/81/thumbnail.png"
    }
},
{
    "pk": 82,
    "model": "API.scene",
    "fields": {
        "background_scale": "1.40",
        "background": 186,
        "name": "01_travel",
        "version": "2015-03-16T05:57:40.947Z",
        "description": "",
        "thumbnail": "scene-thumbnails/82/thumbnail.png"
    }
},
{
    "pk": 83,
    "model": "API.scene",
    "fields": {
        "background_scale": "1.40",
        "background": 188,
        "name": "01_vege",
        "version": "2015-03-16T05:48:38.570Z",
        "description": "",
        "thumbnail": "scene-thumbnails/83/thumbnail.png"
    }
},
{
    "pk": 84,
    "model": "API.scene",
    "fields": {
        "background_scale": "1.40",
        "background": 189,
        "name": "01_icecream",
        "version": "2015-03-16T05:52:46.766Z",
        "description": "",
        "thumbnail": "scene-thumbnails/84/thumbnail.png"
    }
},
{
    "pk": 86,
    "model": "API.scene",
    "fields": {
        "background_scale": "1.00",
        "background": 190,
        "name": "Apple picking",
        "version": "2015-03-18T21:57:11.362Z",
        "description": "Play test 1",
        "thumbnail": "scene-thumbnails/86/thumbnail.png"
    }
},
{
    "pk": 87,
    "model": "API.scene",
    "fields": {
        "background_scale": "1.00",
        "background": 193,
        "name": "Forest",
        "version": "2015-03-18T14:28:15.320Z",
        "description": "iSpy test",
        "thumbnail": "scene-thumbnails/87/thumbnail.png"
    }
},
{
    "pk": 91,
    "model": "API.scene",
    "fields": {
        "background_scale": "1.00",
        "background": 201,
        "name": "Tea Party",
        "version": "2015-04-01T05:52:16.394Z",
        "description": "4/1/15",
        "thumbnail": ""
    }
},
{
    "pk": 92,
    "model": "API.scene",
    "fields": {
        "background_scale": "1.00",
        "background": null,
        "name": "GingerBread House",
        "version": "2015-04-01T15:57:28.967Z",
        "description": "JaJan pedagogy team",
        "thumbnail": ""
    }
},
{
    "pk": 93,
    "model": "API.scene",
    "fields": {
        "background_scale": "1.00",
        "background": 202,
        "name": "Alice in wonderland",
        "version": "2015-04-02T06:29:53.212Z",
        "description": "character role play for 20 questions",
        "thumbnail": ""
    }
},
{
    "pk": 94,
    "model": "API.scene",
    "fields": {
        "background_scale": "1.00",
        "background": 201,
        "name": "Alice try # god knows how many",
        "version": "2015-04-02T06:32:34.307Z",
        "description": "work please",
        "thumbnail": "scene-thumbnails/94/thumbnail.png"
    }
},
{
    "pk": 95,
    "model": "API.scene",
    "fields": {
        "background_scale": "1.00",
        "background": 205,
        "name": "Mcqueen 1",
        "version": "2015-04-06T17:14:18.856Z",
        "description": "Savage beauty",
        "thumbnail": "scene-thumbnails/95/thumbnail.png"
    }
},
{
    "pk": 97,
    "model": "API.scene",
    "fields": {
        "background_scale": "1.00",
        "background": 206,
        "name": "Mcqueen 2",
        "version": "2015-04-06T17:03:14.914Z",
        "description": "savage beauty",
        "thumbnail": "scene-thumbnails/97/thumbnail.png"
    }
},
{
    "pk": 98,
    "model": "API.scene",
    "fields": {
        "background_scale": "1.00",
        "background": 210,
        "name": "Mcqueen 3",
        "version": "2015-04-06T04:58:01.933Z",
        "description": "savage beauty",
        "thumbnail": ""
    }
},
{
    "pk": 99,
    "model": "API.scene",
    "fields": {
        "background_scale": "0.90",
        "background": 212,
        "name": "Mcqueen 4",
        "version": "2015-04-06T05:00:56.375Z",
        "description": "savage beauty",
        "thumbnail": ""
    }
},
{
    "pk": 100,
    "model": "API.scene",
    "fields": {
        "background_scale": "1.00",
        "background": 201,
        "name": "Alice",
        "version": "2015-04-06T05:07:22.303Z",
        "description": "characters",
        "thumbnail": ""
    }
},
{
    "pk": 101,
    "model": "API.scene",
    "fields": {
        "background_scale": "1.00",
        "background": 201,
        "name": "Alice test again",
        "version": "2015-04-06T05:10:17.668Z",
        "description": "see if this works",
        "thumbnail": "scene-thumbnails/101/thumbnail.png"
    }
},
{
    "pk": 102,
    "model": "API.scene",
    "fields": {
        "background_scale": "1.00",
        "background": 214,
        "name": "Alice in wonderland finally works",
        "version": "2015-04-06T05:14:27.459Z",
        "description": "",
        "thumbnail": "scene-thumbnails/102/thumbnail.png"
    }
},
{
    "pk": 103,
    "model": "API.scene",
    "fields": {
        "background_scale": "0.35",
        "background": 215,
        "name": "Potions class",
        "version": "2015-04-06T05:46:11.354Z",
        "description": "snape snape severus snape",
        "thumbnail": "scene-thumbnails/103/thumbnail.png"
    }
},
{
    "pk": 104,
    "model": "API.scene",
    "fields": {
        "background_scale": "1.00",
        "background": 217,
        "name": "Labelless Grocery Store",
        "version": "2015-04-06T14:16:10.432Z",
        "description": "",
        "thumbnail": "scene-thumbnails/104/thumbnail.png"
    }
},
{
    "pk": 29,
    "model": "API.sceneprop",
    "fields": {
        "scale": "1.00",
        "rotation": "0.00",
        "position_y": 290,
        "position_x": 465,
        "prop_file": 27,
        "index": 500,
        "scene": 34
    }
},
{
    "pk": 30,
    "model": "API.sceneprop",
    "fields": {
        "scale": "1.00",
        "rotation": "0.00",
        "position_y": 20,
        "position_x": 0,
        "prop_file": 28,
        "index": 500,
        "scene": 35
    }
},
{
    "pk": 36,
    "model": "API.sceneprop",
    "fields": {
        "scale": "1.00",
        "rotation": "0.00",
        "position_y": 0,
        "position_x": 654,
        "prop_file": 27,
        "index": 500,
        "scene": 35
    }
},
{
    "pk": 42,
    "model": "API.sceneprop",
    "fields": {
        "scale": "1.00",
        "rotation": "0.00",
        "position_y": 609,
        "position_x": 1220,
        "prop_file": 11,
        "index": 500,
        "scene": 40
    }
},
{
    "pk": 48,
    "model": "API.sceneprop",
    "fields": {
        "scale": "1.00",
        "rotation": "0.00",
        "position_y": 645,
        "position_x": 1019,
        "prop_file": 36,
        "index": 500,
        "scene": 49
    }
},
{
    "pk": 49,
    "model": "API.sceneprop",
    "fields": {
        "scale": "1.00",
        "rotation": "0.00",
        "position_y": 738,
        "position_x": 934,
        "prop_file": 37,
        "index": 500,
        "scene": 45
    }
},
{
    "pk": 52,
    "model": "API.sceneprop",
    "fields": {
        "scale": "1.00",
        "rotation": "0.00",
        "position_y": 164,
        "position_x": 14,
        "prop_file": 40,
        "index": 500,
        "scene": 47
    }
},
{
    "pk": 53,
    "model": "API.sceneprop",
    "fields": {
        "scale": "1.00",
        "rotation": "0.00",
        "position_y": 562,
        "position_x": 0,
        "prop_file": 41,
        "index": 500,
        "scene": 53
    }
},
{
    "pk": 54,
    "model": "API.sceneprop",
    "fields": {
        "scale": "1.00",
        "rotation": "0.00",
        "position_y": 169,
        "position_x": 0,
        "prop_file": 42,
        "index": 500,
        "scene": 54
    }
},
{
    "pk": 55,
    "model": "API.sceneprop",
    "fields": {
        "scale": "0.50",
        "rotation": "0.00",
        "position_y": 294,
        "position_x": 1069,
        "prop_file": 24,
        "index": 500,
        "scene": 55
    }
},
{
    "pk": 56,
    "model": "API.sceneprop",
    "fields": {
        "scale": "1.35",
        "rotation": "0.00",
        "position_y": 407,
        "position_x": 477,
        "prop_file": 15,
        "index": 500,
        "scene": 55
    }
},
{
    "pk": 58,
    "model": "API.sceneprop",
    "fields": {
        "scale": "1.00",
        "rotation": "0.00",
        "position_y": 311,
        "position_x": 684,
        "prop_file": 44,
        "index": 500,
        "scene": 35
    }
},
{
    "pk": 64,
    "model": "API.sceneprop",
    "fields": {
        "scale": "1.00",
        "rotation": "0.00",
        "position_y": 0,
        "position_x": 2,
        "prop_file": 45,
        "index": 500,
        "scene": 62
    }
},
{
    "pk": 65,
    "model": "API.sceneprop",
    "fields": {
        "scale": "1.00",
        "rotation": "0.00",
        "position_y": 0,
        "position_x": 2,
        "prop_file": 46,
        "index": 500,
        "scene": 62
    }
},
{
    "pk": 66,
    "model": "API.sceneprop",
    "fields": {
        "scale": "1.00",
        "rotation": "0.00",
        "position_y": 737,
        "position_x": 935,
        "prop_file": 47,
        "index": 500,
        "scene": 63
    }
},
{
    "pk": 67,
    "model": "API.sceneprop",
    "fields": {
        "scale": "1.00",
        "rotation": "0.00",
        "position_y": 522,
        "position_x": 9,
        "prop_file": 48,
        "index": 500,
        "scene": 63
    }
},
{
    "pk": 69,
    "model": "API.sceneprop",
    "fields": {
        "scale": "1.00",
        "rotation": "0.00",
        "position_y": 533,
        "position_x": 708,
        "prop_file": 14,
        "index": 1515,
        "scene": 26
    }
},
{
    "pk": 75,
    "model": "API.sceneprop",
    "fields": {
        "scale": "1.40",
        "rotation": "0.00",
        "position_y": 0,
        "position_x": 0,
        "prop_file": 55,
        "index": 500,
        "scene": 67
    }
},
{
    "pk": 77,
    "model": "API.sceneprop",
    "fields": {
        "scale": "1.40",
        "rotation": "0.00",
        "position_y": 0,
        "position_x": -1,
        "prop_file": 57,
        "index": 500,
        "scene": 69
    }
},
{
    "pk": 88,
    "model": "API.sceneprop",
    "fields": {
        "scale": "1.00",
        "rotation": "0.00",
        "position_y": 105,
        "position_x": 0,
        "prop_file": 68,
        "index": 1000,
        "scene": 77
    }
},
{
    "pk": 89,
    "model": "API.sceneprop",
    "fields": {
        "scale": "1.00",
        "rotation": "0.00",
        "position_y": 969,
        "position_x": 39,
        "prop_file": 69,
        "index": 500,
        "scene": 77
    }
},
{
    "pk": 90,
    "model": "API.sceneprop",
    "fields": {
        "scale": "1.00",
        "rotation": "0.00",
        "position_y": 918,
        "position_x": 529,
        "prop_file": 70,
        "index": 500,
        "scene": 77
    }
},
{
    "pk": 92,
    "model": "API.sceneprop",
    "fields": {
        "scale": "1.00",
        "rotation": "0.00",
        "position_y": 600,
        "position_x": 1661,
        "prop_file": 72,
        "index": 500,
        "scene": 77
    }
},
{
    "pk": 93,
    "model": "API.sceneprop",
    "fields": {
        "scale": "1.00",
        "rotation": "0.00",
        "position_y": 838,
        "position_x": 337,
        "prop_file": 73,
        "index": 589,
        "scene": 77
    }
},
{
    "pk": 94,
    "model": "API.sceneprop",
    "fields": {
        "scale": "1.00",
        "rotation": "0.00",
        "position_y": 727,
        "position_x": 20,
        "prop_file": 74,
        "index": 614,
        "scene": 77
    }
},
{
    "pk": 95,
    "model": "API.sceneprop",
    "fields": {
        "scale": "1.00",
        "rotation": "0.00",
        "position_y": 578,
        "position_x": 1143,
        "prop_file": 75,
        "index": 601,
        "scene": 77
    }
},
{
    "pk": 96,
    "model": "API.sceneprop",
    "fields": {
        "scale": "1.00",
        "rotation": "0.00",
        "position_y": 372,
        "position_x": 1690,
        "prop_file": 76,
        "index": 4000,
        "scene": 77
    }
},
{
    "pk": 97,
    "model": "API.sceneprop",
    "fields": {
        "scale": "1.00",
        "rotation": "0.00",
        "position_y": 917,
        "position_x": 1008,
        "prop_file": 77,
        "index": 500,
        "scene": 77
    }
},
{
    "pk": 103,
    "model": "API.sceneprop",
    "fields": {
        "scale": "1.00",
        "rotation": "0.00",
        "position_y": 883,
        "position_x": 806,
        "prop_file": 81,
        "index": 617,
        "scene": 77
    }
},
{
    "pk": 106,
    "model": "API.sceneprop",
    "fields": {
        "scale": "1.40",
        "rotation": "0.00",
        "position_y": -18,
        "position_x": 0,
        "prop_file": 84,
        "index": 500,
        "scene": 79
    }
},
{
    "pk": 114,
    "model": "API.sceneprop",
    "fields": {
        "scale": "1.40",
        "rotation": "0.00",
        "position_y": -18,
        "position_x": 0,
        "prop_file": 90,
        "index": 500,
        "scene": 81
    }
},
{
    "pk": 117,
    "model": "API.sceneprop",
    "fields": {
        "scale": "1.40",
        "rotation": "0.00",
        "position_y": 0,
        "position_x": 0,
        "prop_file": 93,
        "index": 500,
        "scene": 83
    }
},
{
    "pk": 124,
    "model": "API.sceneprop",
    "fields": {
        "scale": "1.40",
        "rotation": "0.00",
        "position_y": 0,
        "position_x": 0,
        "prop_file": 95,
        "index": 500,
        "scene": 84
    }
},
{
    "pk": 125,
    "model": "API.sceneprop",
    "fields": {
        "scale": "1.40",
        "rotation": "0.00",
        "position_y": 0,
        "position_x": 0,
        "prop_file": 96,
        "index": 500,
        "scene": 82
    }
},
{
    "pk": 128,
    "model": "API.sceneprop",
    "fields": {
        "scale": "0.20",
        "rotation": "0.00",
        "position_y": 24,
        "position_x": 1386,
        "prop_file": 98,
        "index": 1123,
        "scene": 86
    }
},
{
    "pk": 129,
    "model": "API.sceneprop",
    "fields": {
        "scale": "0.30",
        "rotation": "0.00",
        "position_y": 689,
        "position_x": 740,
        "prop_file": 99,
        "index": 500,
        "scene": 86
    }
},
{
    "pk": 130,
    "model": "API.sceneprop",
    "fields": {
        "scale": "0.15",
        "rotation": "0.00",
        "position_y": 152,
        "position_x": 373,
        "prop_file": 100,
        "index": 1427,
        "scene": 86
    }
},
{
    "pk": 131,
    "model": "API.sceneprop",
    "fields": {
        "scale": "0.10",
        "rotation": "0.00",
        "position_y": 258,
        "position_x": 703,
        "prop_file": 101,
        "index": 1269,
        "scene": 86
    }
},
{
    "pk": 132,
    "model": "API.sceneprop",
    "fields": {
        "scale": "0.15",
        "rotation": "0.00",
        "position_y": 205,
        "position_x": 1205,
        "prop_file": 102,
        "index": 500,
        "scene": 86
    }
},
{
    "pk": 133,
    "model": "API.sceneprop",
    "fields": {
        "scale": "0.10",
        "rotation": "0.00",
        "position_y": 353,
        "position_x": 583,
        "prop_file": 103,
        "index": 500,
        "scene": 86
    }
},
{
    "pk": 134,
    "model": "API.sceneprop",
    "fields": {
        "scale": "0.25",
        "rotation": "0.00",
        "position_y": 329,
        "position_x": 1214,
        "prop_file": 104,
        "index": 500,
        "scene": 86
    }
},
{
    "pk": 135,
    "model": "API.sceneprop",
    "fields": {
        "scale": "0.15",
        "rotation": "0.00",
        "position_y": 362,
        "position_x": 0,
        "prop_file": 105,
        "index": 500,
        "scene": 86
    }
},
{
    "pk": 136,
    "model": "API.sceneprop",
    "fields": {
        "scale": "0.15",
        "rotation": "0.00",
        "position_y": 398,
        "position_x": 1528,
        "prop_file": 106,
        "index": 500,
        "scene": 86
    }
},
{
    "pk": 137,
    "model": "API.sceneprop",
    "fields": {
        "scale": "0.12",
        "rotation": "0.00",
        "position_y": 163,
        "position_x": 517,
        "prop_file": 107,
        "index": 500,
        "scene": 86
    }
},
{
    "pk": 138,
    "model": "API.sceneprop",
    "fields": {
        "scale": "0.10",
        "rotation": "0.00",
        "position_y": 278,
        "position_x": 1112,
        "prop_file": 108,
        "index": 500,
        "scene": 86
    }
},
{
    "pk": 139,
    "model": "API.sceneprop",
    "fields": {
        "scale": "0.20",
        "rotation": "0.00",
        "position_y": 35,
        "position_x": 962,
        "prop_file": 109,
        "index": 500,
        "scene": 86
    }
},
{
    "pk": 140,
    "model": "API.sceneprop",
    "fields": {
        "scale": "0.20",
        "rotation": "0.00",
        "position_y": 345,
        "position_x": 185,
        "prop_file": 110,
        "index": 500,
        "scene": 86
    }
},
{
    "pk": 143,
    "model": "API.sceneprop",
    "fields": {
        "scale": "0.15",
        "rotation": "0.00",
        "position_y": 95,
        "position_x": 1665,
        "prop_file": 113,
        "index": 500,
        "scene": 86
    }
},
{
    "pk": 144,
    "model": "API.sceneprop",
    "fields": {
        "scale": "0.10",
        "rotation": "0.00",
        "position_y": 256,
        "position_x": 218,
        "prop_file": 114,
        "index": 500,
        "scene": 86
    }
},
{
    "pk": 145,
    "model": "API.sceneprop",
    "fields": {
        "scale": "0.10",
        "rotation": "0.00",
        "position_y": 196,
        "position_x": 1030,
        "prop_file": 115,
        "index": 500,
        "scene": 86
    }
},
{
    "pk": 146,
    "model": "API.sceneprop",
    "fields": {
        "scale": "0.20",
        "rotation": "0.00",
        "position_y": 30,
        "position_x": 6,
        "prop_file": 116,
        "index": 500,
        "scene": 86
    }
},
{
    "pk": 148,
    "model": "API.sceneprop",
    "fields": {
        "scale": "0.10",
        "rotation": "0.00",
        "position_y": 79,
        "position_x": 338,
        "prop_file": 118,
        "index": 500,
        "scene": 86
    }
},
{
    "pk": 150,
    "model": "API.sceneprop",
    "fields": {
        "scale": "0.08",
        "rotation": "0.00",
        "position_y": 238,
        "position_x": 867,
        "prop_file": 120,
        "index": 500,
        "scene": 86
    }
},
{
    "pk": 151,
    "model": "API.sceneprop",
    "fields": {
        "scale": "0.07",
        "rotation": "0.00",
        "position_y": 404,
        "position_x": 1181,
        "prop_file": 121,
        "index": 500,
        "scene": 86
    }
},
{
    "pk": 152,
    "model": "API.sceneprop",
    "fields": {
        "scale": "1.00",
        "rotation": "0.00",
        "position_y": 0,
        "position_x": 0,
        "prop_file": 122,
        "index": 500,
        "scene": 91
    }
},
{
    "pk": 153,
    "model": "API.sceneprop",
    "fields": {
        "scale": "1.00",
        "rotation": "0.00",
        "position_y": 0,
        "position_x": 0,
        "prop_file": 123,
        "index": 1997,
        "scene": 91
    }
},
{
    "pk": 154,
    "model": "API.sceneprop",
    "fields": {
        "scale": "1.00",
        "rotation": "0.00",
        "position_y": 0,
        "position_x": 0,
        "prop_file": 124,
        "index": 500,
        "scene": 93
    }
},
{
    "pk": 155,
    "model": "API.sceneprop",
    "fields": {
        "scale": "1.00",
        "rotation": "0.00",
        "position_y": 0,
        "position_x": 0,
        "prop_file": 125,
        "index": 500,
        "scene": 93
    }
},
{
    "pk": 156,
    "model": "API.sceneprop",
    "fields": {
        "scale": "1.00",
        "rotation": "0.00",
        "position_y": 0,
        "position_x": 0,
        "prop_file": 126,
        "index": 500,
        "scene": 93
    }
},
{
    "pk": 157,
    "model": "API.sceneprop",
    "fields": {
        "scale": "1.00",
        "rotation": "0.00",
        "position_y": 0,
        "position_x": 0,
        "prop_file": 127,
        "index": 500,
        "scene": 93
    }
},
{
    "pk": 158,
    "model": "API.sceneprop",
    "fields": {
        "scale": "1.00",
        "rotation": "0.00",
        "position_y": 0,
        "position_x": 0,
        "prop_file": 125,
        "index": 500,
        "scene": 93
    }
},
{
    "pk": 159,
    "model": "API.sceneprop",
    "fields": {
        "scale": "1.00",
        "rotation": "0.00",
        "position_y": 0,
        "position_x": 0,
        "prop_file": 125,
        "index": 500,
        "scene": 93
    }
},
{
    "pk": 160,
    "model": "API.sceneprop",
    "fields": {
        "scale": "1.00",
        "rotation": "0.00",
        "position_y": 0,
        "position_x": 0,
        "prop_file": 128,
        "index": 500,
        "scene": 94
    }
},
{
    "pk": 161,
    "model": "API.sceneprop",
    "fields": {
        "scale": "1.00",
        "rotation": "0.00",
        "position_y": 0,
        "position_x": 0,
        "prop_file": 129,
        "index": 500,
        "scene": 94
    }
},
{
    "pk": 162,
    "model": "API.sceneprop",
    "fields": {
        "scale": "1.00",
        "rotation": "0.00",
        "position_y": 0,
        "position_x": 0,
        "prop_file": 130,
        "index": 500,
        "scene": 100
    }
},
{
    "pk": 163,
    "model": "API.sceneprop",
    "fields": {
        "scale": "1.00",
        "rotation": "0.00",
        "position_y": 0,
        "position_x": 0,
        "prop_file": 131,
        "index": 1503,
        "scene": 100
    }
},
{
    "pk": 164,
    "model": "API.sceneprop",
    "fields": {
        "scale": "1.00",
        "rotation": "0.00",
        "position_y": 0,
        "position_x": 0,
        "prop_file": 132,
        "index": 500,
        "scene": 101
    }
},
{
    "pk": 165,
    "model": "API.sceneprop",
    "fields": {
        "scale": "1.00",
        "rotation": "0.00",
        "position_y": 0,
        "position_x": 0,
        "prop_file": 133,
        "index": 500,
        "scene": 101
    }
},
{
    "pk": 166,
    "model": "API.sceneprop",
    "fields": {
        "scale": "1.00",
        "rotation": "0.00",
        "position_y": 0,
        "position_x": 0,
        "prop_file": 133,
        "index": 500,
        "scene": 101
    }
},
{
    "pk": 167,
    "model": "API.sceneprop",
    "fields": {
        "scale": "1.00",
        "rotation": "0.00",
        "position_y": 0,
        "position_x": 0,
        "prop_file": 134,
        "index": 1515,
        "scene": 102
    }
},
{
    "pk": 168,
    "model": "API.sceneprop",
    "fields": {
        "scale": "1.00",
        "rotation": "0.00",
        "position_y": 0,
        "position_x": 0,
        "prop_file": 135,
        "index": 500,
        "scene": 102
    }
},
{
    "pk": 169,
    "model": "API.sceneprop",
    "fields": {
        "scale": "0.35",
        "rotation": "0.00",
        "position_y": -2,
        "position_x": 0,
        "prop_file": 136,
        "index": 500,
        "scene": 103
    }
},
{
    "pk": 170,
    "model": "API.sceneprop",
    "fields": {
        "scale": "0.35",
        "rotation": "0.00",
        "position_y": 0,
        "position_x": 0,
        "prop_file": 137,
        "index": 1499,
        "scene": 103
    }
},
{
    "pk": 171,
    "model": "API.sceneprop",
    "fields": {
        "scale": "0.35",
        "rotation": "0.00",
        "position_y": 572,
        "position_x": 585,
        "prop_file": 138,
        "index": 1449,
        "scene": 103
    }
},
{
    "pk": 172,
    "model": "API.sceneprop",
    "fields": {
        "scale": "0.35",
        "rotation": "0.00",
        "position_y": 552,
        "position_x": 905,
        "prop_file": 139,
        "index": 1455,
        "scene": 103
    }
},
{
    "pk": 109,
    "model": "API.background",
    "fields": {
        "name": "BACKGROUND_NAME",
        "description": "BACKGROUND_DESCRIPTION",
        "image": "backgrounds/109/grocery_store_v1.png"
    }
},
{
    "pk": 110,
    "model": "API.background",
    "fields": {
        "name": "BACKGROUND_NAME",
        "description": "BACKGROUND_DESCRIPTION",
        "image": "backgrounds/110/toilet_menu.png"
    }
},
{
    "pk": 111,
    "model": "API.background",
    "fields": {
        "name": "BACKGROUND_NAME",
        "description": "BACKGROUND_DESCRIPTION",
        "image": "backgrounds/111/fast_food_v1.png"
    }
},
{
    "pk": 112,
    "model": "API.background",
    "fields": {
        "name": "BACKGROUND_NAME",
        "description": "BACKGROUND_DESCRIPTION",
        "image": "backgrounds/112/hansel_gretel_v1.png"
    }
},
{
    "pk": 113,
    "model": "API.background",
    "fields": {
        "name": "BACKGROUND_NAME",
        "description": "BACKGROUND_DESCRIPTION",
        "image": "backgrounds/113/body_check_v1.png"
    }
},
{
    "pk": 114,
    "model": "API.background",
    "fields": {
        "name": "BACKGROUND_NAME",
        "description": "BACKGROUND_DESCRIPTION",
        "image": "backgrounds/114/SF_v1.png"
    }
},
{
    "pk": 115,
    "model": "API.background",
    "fields": {
        "name": "BACKGROUND_NAME",
        "description": "BACKGROUND_DESCRIPTION",
        "image": "backgrounds/115/central_station_v1.png"
    }
},
{
    "pk": 116,
    "model": "API.background",
    "fields": {
        "name": "BACKGROUND_NAME",
        "description": "BACKGROUND_DESCRIPTION",
        "image": "backgrounds/116/beckoning_cat_v1.png"
    }
},
{
    "pk": 117,
    "model": "API.background",
    "fields": {
        "name": "BACKGROUND_NAME",
        "description": "BACKGROUND_DESCRIPTION",
        "image": "backgrounds/117/diner_v1.png"
    }
},
{
    "pk": 118,
    "model": "API.background",
    "fields": {
        "name": "BACKGROUND_NAME",
        "description": "BACKGROUND_DESCRIPTION",
        "image": "backgrounds/118/futon_v1.png"
    }
},
{
    "pk": 119,
    "model": "API.background",
    "fields": {
        "name": "BACKGROUND_NAME",
        "description": "BACKGROUND_DESCRIPTION",
        "image": "backgrounds/119/media_lab_inside_v1.png"
    }
},
{
    "pk": 120,
    "model": "API.background",
    "fields": {
        "name": "BACKGROUND_NAME",
        "description": "BACKGROUND_DESCRIPTION",
        "image": "backgrounds/120/saru_onsen_v1.png"
    }
},
{
    "pk": 121,
    "model": "API.background",
    "fields": {
        "name": "BACKGROUND_NAME",
        "description": "BACKGROUND_DESCRIPTION",
        "image": "backgrounds/121/thanksgiving_dinner_v1.png"
    }
},
{
    "pk": 122,
    "model": "API.background",
    "fields": {
        "name": "BACKGROUND_NAME",
        "description": "BACKGROUND_DESCRIPTION",
        "image": "backgrounds/122/toilet_1_v1.png"
    }
},
{
    "pk": 123,
    "model": "API.background",
    "fields": {
        "name": "BACKGROUND_NAME",
        "description": "BACKGROUND_DESCRIPTION",
        "image": "backgrounds/123/yaoya.png"
    }
},
{
    "pk": 124,
    "model": "API.background",
    "fields": {
        "name": "BACKGROUND_NAME",
        "description": "BACKGROUND_DESCRIPTION",
        "image": "backgrounds/124/french_market.png"
    }
},
{
    "pk": 125,
    "model": "API.background",
    "fields": {
        "name": "BACKGROUND_NAME",
        "description": "BACKGROUND_DESCRIPTION",
        "image": "backgrounds/125/kitchen_wine.png"
    }
},
{
    "pk": 126,
    "model": "API.background",
    "fields": {
        "name": "BACKGROUND_NAME",
        "description": "BACKGROUND_DESCRIPTION",
        "image": "backgrounds/126/futon_v1 copy.png"
    }
},
{
    "pk": 127,
    "model": "API.background",
    "fields": {
        "name": "BACKGROUND_NAME",
        "description": "BACKGROUND_DESCRIPTION",
        "image": "backgrounds/127/FullScene.png"
    }
},
{
    "pk": 128,
    "model": "API.background",
    "fields": {
        "name": "BACKGROUND_NAME",
        "description": "BACKGROUND_DESCRIPTION",
        "image": "backgrounds/128/kitchen_v1.png"
    }
},
{
    "pk": 129,
    "model": "API.background",
    "fields": {
        "name": "BACKGROUND_NAME",
        "description": "BACKGROUND_DESCRIPTION",
        "image": "backgrounds/129/kitchen_v1.png"
    }
},
{
    "pk": 130,
    "model": "API.background",
    "fields": {
        "name": "BACKGROUND_NAME",
        "description": "BACKGROUND_DESCRIPTION",
        "image": "backgrounds/130/vegetable_v2.png"
    }
},
{
    "pk": 131,
    "model": "API.background",
    "fields": {
        "name": "BACKGROUND_NAME",
        "description": "BACKGROUND_DESCRIPTION",
        "image": "backgrounds/131/fast_food_v1.png"
    }
},
{
    "pk": 132,
    "model": "API.background",
    "fields": {
        "name": "BACKGROUND_NAME",
        "description": "BACKGROUND_DESCRIPTION",
        "image": "backgrounds/132/Screen Shot 2015-01-31 at 2.21.51 PM.png"
    }
},
{
    "pk": 133,
    "model": "API.background",
    "fields": {
        "name": "BACKGROUND_NAME",
        "description": "BACKGROUND_DESCRIPTION",
        "image": "backgrounds/133/Screen Shot 2015-01-31 at 2.18.13 PM.png"
    }
},
{
    "pk": 134,
    "model": "API.background",
    "fields": {
        "name": "BACKGROUND_NAME",
        "description": "BACKGROUND_DESCRIPTION",
        "image": "backgrounds/134/Screen Shot 2015-01-31 at 2.18.13 PM.png"
    }
},
{
    "pk": 135,
    "model": "API.background",
    "fields": {
        "name": "BACKGROUND_NAME",
        "description": "BACKGROUND_DESCRIPTION",
        "image": "backgrounds/135/saru_onsen_v1.png"
    }
},
{
    "pk": 136,
    "model": "API.background",
    "fields": {
        "name": "BACKGROUND_NAME",
        "description": "BACKGROUND_DESCRIPTION",
        "image": "backgrounds/136/Screen Shot 2015-01-31 at 2.33.36 PM.png"
    }
},
{
    "pk": 137,
    "model": "API.background",
    "fields": {
        "name": "BACKGROUND_NAME",
        "description": "BACKGROUND_DESCRIPTION",
        "image": "backgrounds/137/Screen Shot 2015-01-31 at 2.33.36 PM.png"
    }
},
{
    "pk": 138,
    "model": "API.background",
    "fields": {
        "name": "BACKGROUND_NAME",
        "description": "BACKGROUND_DESCRIPTION",
        "image": "backgrounds/138/background.png"
    }
},
{
    "pk": 139,
    "model": "API.background",
    "fields": {
        "name": "BACKGROUND_NAME",
        "description": "BACKGROUND_DESCRIPTION",
        "image": "backgrounds/139/kitchen_v1.png"
    }
},
{
    "pk": 140,
    "model": "API.background",
    "fields": {
        "name": "BACKGROUND_NAME",
        "description": "BACKGROUND_DESCRIPTION",
        "image": "backgrounds/140/IMG_2914.JPG"
    }
},
{
    "pk": 141,
    "model": "API.background",
    "fields": {
        "name": "BACKGROUND_NAME",
        "description": "BACKGROUND_DESCRIPTION",
        "image": "backgrounds/141/IMG_2914.JPG"
    }
},
{
    "pk": 142,
    "model": "API.background",
    "fields": {
        "name": "BACKGROUND_NAME",
        "description": "BACKGROUND_DESCRIPTION",
        "image": "backgrounds/142/bear2_bg.png"
    }
},
{
    "pk": 143,
    "model": "API.background",
    "fields": {
        "name": "BACKGROUND_NAME",
        "description": "BACKGROUND_DESCRIPTION",
        "image": "backgrounds/143/bear2_bg.png"
    }
},
{
    "pk": 144,
    "model": "API.background",
    "fields": {
        "name": "BACKGROUND_NAME",
        "description": "BACKGROUND_DESCRIPTION",
        "image": "backgrounds/144/bear2_bg.png"
    }
},
{
    "pk": 145,
    "model": "API.background",
    "fields": {
        "name": "BACKGROUND_NAME",
        "description": "BACKGROUND_DESCRIPTION",
        "image": "backgrounds/145/cake_bg.png"
    }
},
{
    "pk": 146,
    "model": "API.background",
    "fields": {
        "name": "BACKGROUND_NAME",
        "description": "BACKGROUND_DESCRIPTION",
        "image": "backgrounds/146/cake_bg.png"
    }
},
{
    "pk": 147,
    "model": "API.background",
    "fields": {
        "name": "BACKGROUND_NAME",
        "description": "BACKGROUND_DESCRIPTION",
        "image": "backgrounds/147/cake_bg.png"
    }
},
{
    "pk": 148,
    "model": "API.background",
    "fields": {
        "name": "BACKGROUND_NAME",
        "description": "BACKGROUND_DESCRIPTION",
        "image": "backgrounds/148/hawaii_bg.png"
    }
},
{
    "pk": 149,
    "model": "API.background",
    "fields": {
        "name": "BACKGROUND_NAME",
        "description": "BACKGROUND_DESCRIPTION",
        "image": "backgrounds/149/hawaii_bg.png"
    }
},
{
    "pk": 150,
    "model": "API.background",
    "fields": {
        "name": "BACKGROUND_NAME",
        "description": "BACKGROUND_DESCRIPTION",
        "image": "backgrounds/150/icecream.png"
    }
},
{
    "pk": 151,
    "model": "API.background",
    "fields": {
        "name": "BACKGROUND_NAME",
        "description": "BACKGROUND_DESCRIPTION",
        "image": "backgrounds/151/icecream_bg.png"
    }
},
{
    "pk": 152,
    "model": "API.background",
    "fields": {
        "name": "BACKGROUND_NAME",
        "description": "BACKGROUND_DESCRIPTION",
        "image": "backgrounds/152/icecream_bg.png"
    }
},
{
    "pk": 153,
    "model": "API.background",
    "fields": {
        "name": "BACKGROUND_NAME",
        "description": "BACKGROUND_DESCRIPTION",
        "image": "backgrounds/153/sika_bg.png"
    }
},
{
    "pk": 154,
    "model": "API.background",
    "fields": {
        "name": "BACKGROUND_NAME",
        "description": "BACKGROUND_DESCRIPTION",
        "image": "backgrounds/154/sika_bg.png"
    }
},
{
    "pk": 155,
    "model": "API.background",
    "fields": {
        "name": "BACKGROUND_NAME",
        "description": "BACKGROUND_DESCRIPTION",
        "image": "backgrounds/155/sika_bg.png"
    }
},
{
    "pk": 156,
    "model": "API.background",
    "fields": {
        "name": "BACKGROUND_NAME",
        "description": "BACKGROUND_DESCRIPTION",
        "image": "backgrounds/156/sika_bg.png"
    }
},
{
    "pk": 157,
    "model": "API.background",
    "fields": {
        "name": "BACKGROUND_NAME",
        "description": "BACKGROUND_DESCRIPTION",
        "image": "backgrounds/157/travel_bg.png"
    }
},
{
    "pk": 158,
    "model": "API.background",
    "fields": {
        "name": "BACKGROUND_NAME",
        "description": "BACKGROUND_DESCRIPTION",
        "image": "backgrounds/158/travel_bg.png"
    }
},
{
    "pk": 159,
    "model": "API.background",
    "fields": {
        "name": "BACKGROUND_NAME",
        "description": "BACKGROUND_DESCRIPTION",
        "image": "backgrounds/159/vegetable_bg.png"
    }
},
{
    "pk": 160,
    "model": "API.background",
    "fields": {
        "name": "BACKGROUND_NAME",
        "description": "BACKGROUND_DESCRIPTION",
        "image": "backgrounds/160/travel_bg.png"
    }
},
{
    "pk": 161,
    "model": "API.background",
    "fields": {
        "name": "BACKGROUND_NAME",
        "description": "BACKGROUND_DESCRIPTION",
        "image": "backgrounds/161/test1.png"
    }
},
{
    "pk": 162,
    "model": "API.background",
    "fields": {
        "name": "BACKGROUND_NAME",
        "description": "BACKGROUND_DESCRIPTION",
        "image": "backgrounds/162/test1.png"
    }
},
{
    "pk": 163,
    "model": "API.background",
    "fields": {
        "name": "BACKGROUND_NAME",
        "description": "BACKGROUND_DESCRIPTION",
        "image": "backgrounds/163/travel_bg.png"
    }
},
{
    "pk": 164,
    "model": "API.background",
    "fields": {
        "name": "BACKGROUND_NAME",
        "description": "BACKGROUND_DESCRIPTION",
        "image": "backgrounds/164/icecream_bg.png"
    }
},
{
    "pk": 165,
    "model": "API.background",
    "fields": {
        "name": "BACKGROUND_NAME",
        "description": "BACKGROUND_DESCRIPTION",
        "image": "backgrounds/165/icecream_bg.png"
    }
},
{
    "pk": 166,
    "model": "API.background",
    "fields": {
        "name": "BACKGROUND_NAME",
        "description": "BACKGROUND_DESCRIPTION",
        "image": "backgrounds/166/icecream_bg.png"
    }
},
{
    "pk": 167,
    "model": "API.background",
    "fields": {
        "name": "BACKGROUND_NAME",
        "description": "BACKGROUND_DESCRIPTION",
        "image": "backgrounds/167/vegetable_bg.png"
    }
},
{
    "pk": 168,
    "model": "API.background",
    "fields": {
        "name": "BACKGROUND_NAME",
        "description": "BACKGROUND_DESCRIPTION",
        "image": "backgrounds/168/vegetable_bg.png"
    }
},
{
    "pk": 169,
    "model": "API.background",
    "fields": {
        "name": "BACKGROUND_NAME",
        "description": "BACKGROUND_DESCRIPTION",
        "image": "backgrounds/169/labbackground.jpg"
    }
},
{
    "pk": 170,
    "model": "API.background",
    "fields": {
        "name": "BACKGROUND_NAME",
        "description": "BACKGROUND_DESCRIPTION",
        "image": "backgrounds/170/labbackground2.jpg"
    }
},
{
    "pk": 171,
    "model": "API.background",
    "fields": {
        "name": "BACKGROUND_NAME",
        "description": "BACKGROUND_DESCRIPTION",
        "image": "backgrounds/171/labbackground2.jpg"
    }
},
{
    "pk": 172,
    "model": "API.background",
    "fields": {
        "name": "BACKGROUND_NAME",
        "description": "BACKGROUND_DESCRIPTION",
        "image": "backgrounds/172/labbackground-sized.jpg"
    }
},
{
    "pk": 173,
    "model": "API.background",
    "fields": {
        "name": "BACKGROUND_NAME",
        "description": "BACKGROUND_DESCRIPTION",
        "image": "backgrounds/173/203-arms.jpg"
    }
},
{
    "pk": 174,
    "model": "API.background",
    "fields": {
        "name": "BACKGROUND_NAME",
        "description": "BACKGROUND_DESCRIPTION",
        "image": "backgrounds/174/vegetable_bg.png"
    }
},
{
    "pk": 175,
    "model": "API.background",
    "fields": {
        "name": "BACKGROUND_NAME",
        "description": "BACKGROUND_DESCRIPTION",
        "image": "backgrounds/175/vegetable_bg.png"
    }
},
{
    "pk": 176,
    "model": "API.background",
    "fields": {
        "name": "BACKGROUND_NAME",
        "description": "BACKGROUND_DESCRIPTION",
        "image": "backgrounds/176/bear2_bg.png"
    }
},
{
    "pk": 177,
    "model": "API.background",
    "fields": {
        "name": "BACKGROUND_NAME",
        "description": "BACKGROUND_DESCRIPTION",
        "image": "backgrounds/177/bear_bg.png"
    }
},
{
    "pk": 178,
    "model": "API.background",
    "fields": {
        "name": "BACKGROUND_NAME",
        "description": "BACKGROUND_DESCRIPTION",
        "image": "backgrounds/178/cake_bg.png"
    }
},
{
    "pk": 179,
    "model": "API.background",
    "fields": {
        "name": "BACKGROUND_NAME",
        "description": "BACKGROUND_DESCRIPTION",
        "image": "backgrounds/179/bear_bg.png"
    }
},
{
    "pk": 180,
    "model": "API.background",
    "fields": {
        "name": "BACKGROUND_NAME",
        "description": "BACKGROUND_DESCRIPTION",
        "image": "backgrounds/180/cake_bg.png"
    }
},
{
    "pk": 181,
    "model": "API.background",
    "fields": {
        "name": "BACKGROUND_NAME",
        "description": "BACKGROUND_DESCRIPTION",
        "image": "backgrounds/181/cake_bg.png"
    }
},
{
    "pk": 182,
    "model": "API.background",
    "fields": {
        "name": "BACKGROUND_NAME",
        "description": "BACKGROUND_DESCRIPTION",
        "image": "backgrounds/182/cake_bg.png"
    }
},
{
    "pk": 183,
    "model": "API.background",
    "fields": {
        "name": "BACKGROUND_NAME",
        "description": "BACKGROUND_DESCRIPTION",
        "image": "backgrounds/183/cake_bg.png"
    }
},
{
    "pk": 184,
    "model": "API.background",
    "fields": {
        "name": "BACKGROUND_NAME",
        "description": "BACKGROUND_DESCRIPTION",
        "image": "backgrounds/184/cake_bg.png"
    }
},
{
    "pk": 185,
    "model": "API.background",
    "fields": {
        "name": "BACKGROUND_NAME",
        "description": "BACKGROUND_DESCRIPTION",
        "image": "backgrounds/185/travel_bg.png"
    }
},
{
    "pk": 186,
    "model": "API.background",
    "fields": {
        "name": "BACKGROUND_NAME",
        "description": "BACKGROUND_DESCRIPTION",
        "image": "backgrounds/186/travel_bg.png"
    }
},
{
    "pk": 187,
    "model": "API.background",
    "fields": {
        "name": "BACKGROUND_NAME",
        "description": "BACKGROUND_DESCRIPTION",
        "image": "backgrounds/187/vegetable_bg.png"
    }
},
{
    "pk": 188,
    "model": "API.background",
    "fields": {
        "name": "BACKGROUND_NAME",
        "description": "BACKGROUND_DESCRIPTION",
        "image": "backgrounds/188/vegetable_bg.png"
    }
},
{
    "pk": 189,
    "model": "API.background",
    "fields": {
        "name": "BACKGROUND_NAME",
        "description": "BACKGROUND_DESCRIPTION",
        "image": "backgrounds/189/icecream_bg.png"
    }
},
{
    "pk": 190,
    "model": "API.background",
    "fields": {
        "name": "BACKGROUND_NAME",
        "description": "BACKGROUND_DESCRIPTION",
        "image": "backgrounds/190/987756-green-orchard.jpg"
    }
},
{
    "pk": 191,
    "model": "API.background",
    "fields": {
        "name": "BACKGROUND_NAME",
        "description": "BACKGROUND_DESCRIPTION",
        "image": "backgrounds/191/jajan ispy-01.png"
    }
},
{
    "pk": 192,
    "model": "API.background",
    "fields": {
        "name": "BACKGROUND_NAME",
        "description": "BACKGROUND_DESCRIPTION",
        "image": "backgrounds/192/jajan ispy-01.png"
    }
},
{
    "pk": 193,
    "model": "API.background",
    "fields": {
        "name": "BACKGROUND_NAME",
        "description": "BACKGROUND_DESCRIPTION",
        "image": "backgrounds/193/Optimized-jajan ispy-01.png"
    }
},
{
    "pk": 194,
    "model": "API.background",
    "fields": {
        "name": "BACKGROUND_NAME",
        "description": "BACKGROUND_DESCRIPTION",
        "image": "backgrounds/194/IMG_20150306_205628.jpg"
    }
},
{
    "pk": 195,
    "model": "API.background",
    "fields": {
        "name": "BACKGROUND_NAME",
        "description": "BACKGROUND_DESCRIPTION",
        "image": "backgrounds/195/VON7663a.jpg"
    }
},
{
    "pk": 196,
    "model": "API.background",
    "fields": {
        "name": "BACKGROUND_NAME",
        "description": "BACKGROUND_DESCRIPTION",
        "image": "backgrounds/196/alice-in-wonderland-new-art.jpg"
    }
},
{
    "pk": 197,
    "model": "API.background",
    "fields": {
        "name": "BACKGROUND_NAME",
        "description": "BACKGROUND_DESCRIPTION",
        "image": "backgrounds/197/alice_in_wonderland_tea_party-wallpaper-2560x1600.jpg"
    }
},
{
    "pk": 198,
    "model": "API.background",
    "fields": {
        "name": "BACKGROUND_NAME",
        "description": "BACKGROUND_DESCRIPTION",
        "image": "backgrounds/198/alice-in-wonderland-new-art.jpg"
    }
},
{
    "pk": 199,
    "model": "API.background",
    "fields": {
        "name": "BACKGROUND_NAME",
        "description": "BACKGROUND_DESCRIPTION",
        "image": "backgrounds/199/alice_in_wonderland17.jpg"
    }
},
{
    "pk": 200,
    "model": "API.background",
    "fields": {
        "name": "BACKGROUND_NAME",
        "description": "BACKGROUND_DESCRIPTION",
        "image": "backgrounds/200/alice_in_wonderland17.jpg"
    }
},
{
    "pk": 201,
    "model": "API.background",
    "fields": {
        "name": "BACKGROUND_NAME",
        "description": "BACKGROUND_DESCRIPTION",
        "image": "backgrounds/201/alice_in_wonderland17.jpg"
    }
},
{
    "pk": 202,
    "model": "API.background",
    "fields": {
        "name": "BACKGROUND_NAME",
        "description": "BACKGROUND_DESCRIPTION",
        "image": "backgrounds/202/alice_in_wonderland17 3.jpg"
    }
},
{
    "pk": 203,
    "model": "API.background",
    "fields": {
        "name": "BACKGROUND_NAME",
        "description": "BACKGROUND_DESCRIPTION",
        "image": "backgrounds/203/113461765.jpg"
    }
},
{
    "pk": 204,
    "model": "API.background",
    "fields": {
        "name": "BACKGROUND_NAME",
        "description": "BACKGROUND_DESCRIPTION",
        "image": "backgrounds/204/113461765 copy.jpg"
    }
},
{
    "pk": 205,
    "model": "API.background",
    "fields": {
        "name": "BACKGROUND_NAME",
        "description": "BACKGROUND_DESCRIPTION",
        "image": "backgrounds/205/113461765 copy.jpg"
    }
},
{
    "pk": 206,
    "model": "API.background",
    "fields": {
        "name": "BACKGROUND_NAME",
        "description": "BACKGROUND_DESCRIPTION",
        "image": "backgrounds/206/Alex-McQueenGalleryViewPlatosAtlantis copy.jpg"
    }
},
{
    "pk": 207,
    "model": "API.background",
    "fields": {
        "name": "BACKGROUND_NAME",
        "description": "BACKGROUND_DESCRIPTION",
        "image": "backgrounds/207/Alex-McQueenGalleryViewPlatosAtlantis copy.jpg"
    }
},
{
    "pk": 208,
    "model": "API.background",
    "fields": {
        "name": "BACKGROUND_NAME",
        "description": "BACKGROUND_DESCRIPTION",
        "image": "backgrounds/208/5-McQueenGalleryViewRomanticPrimitivism copy.jpg"
    }
},
{
    "pk": 209,
    "model": "API.background",
    "fields": {
        "name": "BACKGROUND_NAME",
        "description": "BACKGROUND_DESCRIPTION",
        "image": "backgrounds/209/5-McQueenGalleryViewRomanticPrimitivism copy.jpg"
    }
},
{
    "pk": 210,
    "model": "API.background",
    "fields": {
        "name": "BACKGROUND_NAME",
        "description": "BACKGROUND_DESCRIPTION",
        "image": "backgrounds/210/5-McQueenGalleryViewRomanticPrimitivism copy.jpg"
    }
},
{
    "pk": 211,
    "model": "API.background",
    "fields": {
        "name": "BACKGROUND_NAME",
        "description": "BACKGROUND_DESCRIPTION",
        "image": "backgrounds/211/IMG_3057-1024x768.jpg"
    }
},
{
    "pk": 212,
    "model": "API.background",
    "fields": {
        "name": "BACKGROUND_NAME",
        "description": "BACKGROUND_DESCRIPTION",
        "image": "backgrounds/212/IMG_3057-1024x768.jpg"
    }
},
{
    "pk": 213,
    "model": "API.background",
    "fields": {
        "name": "BACKGROUND_NAME",
        "description": "BACKGROUND_DESCRIPTION",
        "image": "backgrounds/213/alice_in_wonderland17 3.jpg"
    }
},
{
    "pk": 214,
    "model": "API.background",
    "fields": {
        "name": "BACKGROUND_NAME",
        "description": "BACKGROUND_DESCRIPTION",
        "image": "backgrounds/214/alice_in_wonderland17.jpg"
    }
},
{
    "pk": 215,
    "model": "API.background",
    "fields": {
        "name": "BACKGROUND_NAME",
        "description": "BACKGROUND_DESCRIPTION",
        "image": "backgrounds/215/HP-Potions copy.jpg"
    }
},
{
    "pk": 216,
    "model": "API.background",
    "fields": {
        "name": "BACKGROUND_NAME",
        "description": "BACKGROUND_DESCRIPTION",
        "image": "backgrounds/216/shelves.jpg"
    }
},
{
    "pk": 217,
    "model": "API.background",
    "fields": {
        "name": "BACKGROUND_NAME",
        "description": "BACKGROUND_DESCRIPTION",
        "image": "backgrounds/217/shelves.jpg"
    }
},
{
    "pk": 8,
    "model": "API.prop",
    "fields": {
        "name": "SCENEPROP_NAME",
        "description": "SCENEPROP_DESCRIPTION",
        "image": "props/8/misokatsu_props_v1.png"
    }
},
{
    "pk": 10,
    "model": "API.prop",
    "fields": {
        "name": "SCENEPROP_NAME",
        "description": "SCENEPROP_DESCRIPTION",
        "image": "props/10/ichimanen_v1.png"
    }
},
{
    "pk": 11,
    "model": "API.prop",
    "fields": {
        "name": "SCENEPROP_NAME",
        "description": "SCENEPROP_DESCRIPTION",
        "image": "props/11/pokemon_v1.png"
    }
},
{
    "pk": 12,
    "model": "API.prop",
    "fields": {
        "name": "SCENEPROP_NAME",
        "description": "SCENEPROP_DESCRIPTION",
        "image": "props/12/hero6_v1.png"
    }
},
{
    "pk": 13,
    "model": "API.prop",
    "fields": {
        "name": "SCENEPROP_NAME",
        "description": "SCENEPROP_DESCRIPTION",
        "image": "props/13/american_woman_v1.png"
    }
},
{
    "pk": 14,
    "model": "API.prop",
    "fields": {
        "name": "SCENEPROP_NAME",
        "description": "SCENEPROP_DESCRIPTION",
        "image": "props/14/chopsticks_v1.png"
    }
},
{
    "pk": 15,
    "model": "API.prop",
    "fields": {
        "name": "SCENEPROP_NAME",
        "description": "SCENEPROP_DESCRIPTION",
        "image": "props/15/tea_cup_v1.png"
    }
},
{
    "pk": 16,
    "model": "API.prop",
    "fields": {
        "name": "SCENEPROP_NAME",
        "description": "SCENEPROP_DESCRIPTION",
        "image": "props/16/salt_v1.png"
    }
},
{
    "pk": 17,
    "model": "API.prop",
    "fields": {
        "name": "SCENEPROP_NAME",
        "description": "SCENEPROP_DESCRIPTION",
        "image": "props/17/meron_v1.png"
    }
},
{
    "pk": 19,
    "model": "API.prop",
    "fields": {
        "name": "SCENEPROP_NAME",
        "description": "SCENEPROP_DESCRIPTION",
        "image": "props/19/meron_pan_v1.png"
    }
},
{
    "pk": 20,
    "model": "API.prop",
    "fields": {
        "name": "SCENEPROP_NAME",
        "description": "SCENEPROP_DESCRIPTION",
        "image": "props/20/sushi_props_v1.png"
    }
},
{
    "pk": 21,
    "model": "API.prop",
    "fields": {
        "name": "SCENEPROP_NAME",
        "description": "SCENEPROP_DESCRIPTION",
        "image": "props/21/bicycle_props.png"
    }
},
{
    "pk": 22,
    "model": "API.prop",
    "fields": {
        "name": "SCENEPROP_NAME",
        "description": "SCENEPROP_DESCRIPTION",
        "image": "props/22/car_props.png"
    }
},
{
    "pk": 23,
    "model": "API.prop",
    "fields": {
        "name": "SCENEPROP_NAME",
        "description": "SCENEPROP_DESCRIPTION",
        "image": "props/23/snow_shovel_props.png"
    }
},
{
    "pk": 24,
    "model": "API.prop",
    "fields": {
        "name": "SCENEPROP_NAME",
        "description": "SCENEPROP_DESCRIPTION",
        "image": "props/24/salt_v1.png"
    }
},
{
    "pk": 25,
    "model": "API.prop",
    "fields": {
        "name": "SCENEPROP_NAME",
        "description": "SCENEPROP_DESCRIPTION",
        "image": "props/25/countertop.png"
    }
},
{
    "pk": 26,
    "model": "API.prop",
    "fields": {
        "name": "SCENEPROP_NAME",
        "description": "SCENEPROP_DESCRIPTION",
        "image": "props/26/countertop.png"
    }
},
{
    "pk": 27,
    "model": "API.prop",
    "fields": {
        "name": "SCENEPROP_NAME",
        "description": "SCENEPROP_DESCRIPTION",
        "image": "props/27/yaoya_props.png"
    }
},
{
    "pk": 28,
    "model": "API.prop",
    "fields": {
        "name": "SCENEPROP_NAME",
        "description": "SCENEPROP_DESCRIPTION",
        "image": "props/28/french_market_props.png"
    }
},
{
    "pk": 29,
    "model": "API.prop",
    "fields": {
        "name": "SCENEPROP_NAME",
        "description": "SCENEPROP_DESCRIPTION",
        "image": "props/29/kitchen_wine_props.png"
    }
},
{
    "pk": 30,
    "model": "API.prop",
    "fields": {
        "name": "SCENEPROP_NAME",
        "description": "SCENEPROP_DESCRIPTION",
        "image": "props/30/kitchen_wine_props.png"
    }
},
{
    "pk": 31,
    "model": "API.prop",
    "fields": {
        "name": "SCENEPROP_NAME",
        "description": "SCENEPROP_DESCRIPTION",
        "image": "props/31/kitchen_wine_props.png"
    }
},
{
    "pk": 32,
    "model": "API.prop",
    "fields": {
        "name": "SCENEPROP_NAME",
        "description": "SCENEPROP_DESCRIPTION",
        "image": "props/32/french_market_props.png"
    }
},
{
    "pk": 33,
    "model": "API.prop",
    "fields": {
        "name": "SCENEPROP_NAME",
        "description": "SCENEPROP_DESCRIPTION",
        "image": "props/33/kids.png"
    }
},
{
    "pk": 34,
    "model": "API.prop",
    "fields": {
        "name": "SCENEPROP_NAME",
        "description": "SCENEPROP_DESCRIPTION",
        "image": "props/34/fast_prop.png"
    }
},
{
    "pk": 35,
    "model": "API.prop",
    "fields": {
        "name": "SCENEPROP_NAME",
        "description": "SCENEPROP_DESCRIPTION",
        "image": "props/35/fast_prop.png"
    }
},
{
    "pk": 36,
    "model": "API.prop",
    "fields": {
        "name": "SCENEPROP_NAME",
        "description": "SCENEPROP_DESCRIPTION",
        "image": "props/36/fast_prop.png"
    }
},
{
    "pk": 37,
    "model": "API.prop",
    "fields": {
        "name": "SCENEPROP_NAME",
        "description": "SCENEPROP_DESCRIPTION",
        "image": "props/37/kitchen_prop.png"
    }
},
{
    "pk": 38,
    "model": "API.prop",
    "fields": {
        "name": "SCENEPROP_NAME",
        "description": "SCENEPROP_DESCRIPTION",
        "image": "props/38/saru_onsen_prop.png"
    }
},
{
    "pk": 39,
    "model": "API.prop",
    "fields": {
        "name": "SCENEPROP_NAME",
        "description": "SCENEPROP_DESCRIPTION",
        "image": "props/39/vegetable_prop.png"
    }
},
{
    "pk": 40,
    "model": "API.prop",
    "fields": {
        "name": "SCENEPROP_NAME",
        "description": "SCENEPROP_DESCRIPTION",
        "image": "props/40/vegetable_prop.png"
    }
},
{
    "pk": 41,
    "model": "API.prop",
    "fields": {
        "name": "SCENEPROP_NAME",
        "description": "SCENEPROP_DESCRIPTION",
        "image": "props/41/Ice_cream_shop_prop1.png"
    }
},
{
    "pk": 42,
    "model": "API.prop",
    "fields": {
        "name": "SCENEPROP_NAME",
        "description": "SCENEPROP_DESCRIPTION",
        "image": "props/42/saru_onsen_prop.png"
    }
},
{
    "pk": 43,
    "model": "API.prop",
    "fields": {
        "name": "SCENEPROP_NAME",
        "description": "SCENEPROP_DESCRIPTION",
        "image": "props/43/Momotarosan_prop.png"
    }
},
{
    "pk": 44,
    "model": "API.prop",
    "fields": {
        "name": "SCENEPROP_NAME",
        "description": "SCENEPROP_DESCRIPTION",
        "image": "props/44/salt_v1.png"
    }
},
{
    "pk": 45,
    "model": "API.prop",
    "fields": {
        "name": "SCENEPROP_NAME",
        "description": "SCENEPROP_DESCRIPTION",
        "image": "props/45/man.png"
    }
},
{
    "pk": 46,
    "model": "API.prop",
    "fields": {
        "name": "SCENEPROP_NAME",
        "description": "SCENEPROP_DESCRIPTION",
        "image": "props/46/cat"
    }
},
{
    "pk": 47,
    "model": "API.prop",
    "fields": {
        "name": "SCENEPROP_NAME",
        "description": "SCENEPROP_DESCRIPTION",
        "image": "props/47/kitchen_prop.png"
    }
},
{
    "pk": 48,
    "model": "API.prop",
    "fields": {
        "name": "SCENEPROP_NAME",
        "description": "SCENEPROP_DESCRIPTION",
        "image": "props/48/meron_v1.png"
    }
},
{
    "pk": 49,
    "model": "API.prop",
    "fields": {
        "name": "SCENEPROP_NAME",
        "description": "SCENEPROP_DESCRIPTION",
        "image": "props/49/bear2.png"
    }
},
{
    "pk": 50,
    "model": "API.prop",
    "fields": {
        "name": "SCENEPROP_NAME",
        "description": "SCENEPROP_DESCRIPTION",
        "image": "props/50/bear2.png"
    }
},
{
    "pk": 51,
    "model": "API.prop",
    "fields": {
        "name": "SCENEPROP_NAME",
        "description": "SCENEPROP_DESCRIPTION",
        "image": "props/51/cake.png"
    }
},
{
    "pk": 52,
    "model": "API.prop",
    "fields": {
        "name": "SCENEPROP_NAME",
        "description": "SCENEPROP_DESCRIPTION",
        "image": "props/52/cake.png"
    }
},
{
    "pk": 53,
    "model": "API.prop",
    "fields": {
        "name": "SCENEPROP_NAME",
        "description": "SCENEPROP_DESCRIPTION",
        "image": "props/53/hawaii.png"
    }
},
{
    "pk": 54,
    "model": "API.prop",
    "fields": {
        "name": "SCENEPROP_NAME",
        "description": "SCENEPROP_DESCRIPTION",
        "image": "props/54/hawaii.png"
    }
},
{
    "pk": 55,
    "model": "API.prop",
    "fields": {
        "name": "SCENEPROP_NAME",
        "description": "SCENEPROP_DESCRIPTION",
        "image": "props/55/hawaii.png"
    }
},
{
    "pk": 56,
    "model": "API.prop",
    "fields": {
        "name": "SCENEPROP_NAME",
        "description": "SCENEPROP_DESCRIPTION",
        "image": "props/56/icecream.png"
    }
},
{
    "pk": 57,
    "model": "API.prop",
    "fields": {
        "name": "SCENEPROP_NAME",
        "description": "SCENEPROP_DESCRIPTION",
        "image": "props/57/sika.png"
    }
},
{
    "pk": 58,
    "model": "API.prop",
    "fields": {
        "name": "SCENEPROP_NAME",
        "description": "SCENEPROP_DESCRIPTION",
        "image": "props/58/travel.png"
    }
},
{
    "pk": 59,
    "model": "API.prop",
    "fields": {
        "name": "SCENEPROP_NAME",
        "description": "SCENEPROP_DESCRIPTION",
        "image": "props/59/vegetable.png"
    }
},
{
    "pk": 60,
    "model": "API.prop",
    "fields": {
        "name": "SCENEPROP_NAME",
        "description": "SCENEPROP_DESCRIPTION",
        "image": "props/60/travel.png"
    }
},
{
    "pk": 61,
    "model": "API.prop",
    "fields": {
        "name": "SCENEPROP_NAME",
        "description": "SCENEPROP_DESCRIPTION",
        "image": "props/61/sika.png"
    }
},
{
    "pk": 62,
    "model": "API.prop",
    "fields": {
        "name": "SCENEPROP_NAME",
        "description": "SCENEPROP_DESCRIPTION",
        "image": "props/62/test2.png"
    }
},
{
    "pk": 63,
    "model": "API.prop",
    "fields": {
        "name": "SCENEPROP_NAME",
        "description": "SCENEPROP_DESCRIPTION",
        "image": "props/63/travel_2.png"
    }
},
{
    "pk": 64,
    "model": "API.prop",
    "fields": {
        "name": "SCENEPROP_NAME",
        "description": "SCENEPROP_DESCRIPTION",
        "image": "props/64/icecream_2.png"
    }
},
{
    "pk": 65,
    "model": "API.prop",
    "fields": {
        "name": "SCENEPROP_NAME",
        "description": "SCENEPROP_DESCRIPTION",
        "image": "props/65/vegetable2_2.png"
    }
},
{
    "pk": 66,
    "model": "API.prop",
    "fields": {
        "name": "SCENEPROP_NAME",
        "description": "SCENEPROP_DESCRIPTION",
        "image": "props/66/vegetable2_2.png"
    }
},
{
    "pk": 67,
    "model": "API.prop",
    "fields": {
        "name": "SCENEPROP_NAME",
        "description": "SCENEPROP_DESCRIPTION",
        "image": "props/67/drawer-big.png"
    }
},
{
    "pk": 68,
    "model": "API.prop",
    "fields": {
        "name": "SCENEPROP_NAME",
        "description": "SCENEPROP_DESCRIPTION",
        "image": "props/68/foreground.png"
    }
},
{
    "pk": 69,
    "model": "API.prop",
    "fields": {
        "name": "SCENEPROP_NAME",
        "description": "SCENEPROP_DESCRIPTION",
        "image": "props/69/drawer-big.png"
    }
},
{
    "pk": 70,
    "model": "API.prop",
    "fields": {
        "name": "SCENEPROP_NAME",
        "description": "SCENEPROP_DESCRIPTION",
        "image": "props/70/drawer.png"
    }
},
{
    "pk": 71,
    "model": "API.prop",
    "fields": {
        "name": "SCENEPROP_NAME",
        "description": "SCENEPROP_DESCRIPTION",
        "image": "props/71/brain.png"
    }
},
{
    "pk": 72,
    "model": "API.prop",
    "fields": {
        "name": "SCENEPROP_NAME",
        "description": "SCENEPROP_DESCRIPTION",
        "image": "props/72/beaker.png"
    }
},
{
    "pk": 73,
    "model": "API.prop",
    "fields": {
        "name": "SCENEPROP_NAME",
        "description": "SCENEPROP_DESCRIPTION",
        "image": "props/73/jarofeyes.png"
    }
},
{
    "pk": 74,
    "model": "API.prop",
    "fields": {
        "name": "SCENEPROP_NAME",
        "description": "SCENEPROP_DESCRIPTION",
        "image": "props/74/redbanana.png"
    }
},
{
    "pk": 75,
    "model": "API.prop",
    "fields": {
        "name": "SCENEPROP_NAME",
        "description": "SCENEPROP_DESCRIPTION",
        "image": "props/75/robot2.png"
    }
},
{
    "pk": 76,
    "model": "API.prop",
    "fields": {
        "name": "SCENEPROP_NAME",
        "description": "SCENEPROP_DESCRIPTION",
        "image": "props/76/slime.png"
    }
},
{
    "pk": 77,
    "model": "API.prop",
    "fields": {
        "name": "SCENEPROP_NAME",
        "description": "SCENEPROP_DESCRIPTION",
        "image": "props/77/drawer.png"
    }
},
{
    "pk": 78,
    "model": "API.prop",
    "fields": {
        "name": "SCENEPROP_NAME",
        "description": "SCENEPROP_DESCRIPTION",
        "image": "props/78/203-arms.jpg"
    }
},
{
    "pk": 79,
    "model": "API.prop",
    "fields": {
        "name": "SCENEPROP_NAME",
        "description": "SCENEPROP_DESCRIPTION",
        "image": "props/79/203-arms.jpg"
    }
},
{
    "pk": 80,
    "model": "API.prop",
    "fields": {
        "name": "SCENEPROP_NAME",
        "description": "SCENEPROP_DESCRIPTION",
        "image": "props/80/brain.png"
    }
},
{
    "pk": 81,
    "model": "API.prop",
    "fields": {
        "name": "SCENEPROP_NAME",
        "description": "SCENEPROP_DESCRIPTION",
        "image": "props/81/brain.png"
    }
},
{
    "pk": 82,
    "model": "API.prop",
    "fields": {
        "name": "SCENEPROP_NAME",
        "description": "SCENEPROP_DESCRIPTION",
        "image": "props/82/vegetable2_2.png"
    }
},
{
    "pk": 83,
    "model": "API.prop",
    "fields": {
        "name": "SCENEPROP_NAME",
        "description": "SCENEPROP_DESCRIPTION",
        "image": "props/83/bear2.png"
    }
},
{
    "pk": 84,
    "model": "API.prop",
    "fields": {
        "name": "SCENEPROP_NAME",
        "description": "SCENEPROP_DESCRIPTION",
        "image": "props/84/bear.png"
    }
},
{
    "pk": 85,
    "model": "API.prop",
    "fields": {
        "name": "SCENEPROP_NAME",
        "description": "SCENEPROP_DESCRIPTION",
        "image": "props/85/cake.png"
    }
},
{
    "pk": 86,
    "model": "API.prop",
    "fields": {
        "name": "SCENEPROP_NAME",
        "description": "SCENEPROP_DESCRIPTION",
        "image": "props/86/bear.png"
    }
},
{
    "pk": 87,
    "model": "API.prop",
    "fields": {
        "name": "SCENEPROP_NAME",
        "description": "SCENEPROP_DESCRIPTION",
        "image": "props/87/cake.png"
    }
},
{
    "pk": 88,
    "model": "API.prop",
    "fields": {
        "name": "SCENEPROP_NAME",
        "description": "SCENEPROP_DESCRIPTION",
        "image": "props/88/cake.png"
    }
},
{
    "pk": 89,
    "model": "API.prop",
    "fields": {
        "name": "SCENEPROP_NAME",
        "description": "SCENEPROP_DESCRIPTION",
        "image": "props/89/cake.png"
    }
},
{
    "pk": 90,
    "model": "API.prop",
    "fields": {
        "name": "SCENEPROP_NAME",
        "description": "SCENEPROP_DESCRIPTION",
        "image": "props/90/cake.png"
    }
},
{
    "pk": 91,
    "model": "API.prop",
    "fields": {
        "name": "SCENEPROP_NAME",
        "description": "SCENEPROP_DESCRIPTION",
        "image": "props/91/travel_2.png"
    }
},
{
    "pk": 92,
    "model": "API.prop",
    "fields": {
        "name": "SCENEPROP_NAME",
        "description": "SCENEPROP_DESCRIPTION",
        "image": "props/92/vegetable2_2.png"
    }
},
{
    "pk": 93,
    "model": "API.prop",
    "fields": {
        "name": "SCENEPROP_NAME",
        "description": "SCENEPROP_DESCRIPTION",
        "image": "props/93/vegetable2_2.png"
    }
},
{
    "pk": 94,
    "model": "API.prop",
    "fields": {
        "name": "SCENEPROP_NAME",
        "description": "SCENEPROP_DESCRIPTION",
        "image": "props/94/vegetable2_2.png"
    }
},
{
    "pk": 95,
    "model": "API.prop",
    "fields": {
        "name": "SCENEPROP_NAME",
        "description": "SCENEPROP_DESCRIPTION",
        "image": "props/95/icecream_2.png"
    }
},
{
    "pk": 96,
    "model": "API.prop",
    "fields": {
        "name": "SCENEPROP_NAME",
        "description": "SCENEPROP_DESCRIPTION",
        "image": "props/96/travel_2.png"
    }
},
{
    "pk": 97,
    "model": "API.prop",
    "fields": {
        "name": "SCENEPROP_NAME",
        "description": "SCENEPROP_DESCRIPTION",
        "image": "props/97/Types-of-Apples.jpg"
    }
},
{
    "pk": 98,
    "model": "API.prop",
    "fields": {
        "name": "SCENEPROP_NAME",
        "description": "SCENEPROP_DESCRIPTION",
        "image": "props/98/Image002.png"
    }
},
{
    "pk": 99,
    "model": "API.prop",
    "fields": {
        "name": "SCENEPROP_NAME",
        "description": "SCENEPROP_DESCRIPTION",
        "image": "props/99/basket.png"
    }
},
{
    "pk": 100,
    "model": "API.prop",
    "fields": {
        "name": "SCENEPROP_NAME",
        "description": "SCENEPROP_DESCRIPTION",
        "image": "props/100/Image002.png"
    }
},
{
    "pk": 101,
    "model": "API.prop",
    "fields": {
        "name": "SCENEPROP_NAME",
        "description": "SCENEPROP_DESCRIPTION",
        "image": "props/101/Image002.png"
    }
},
{
    "pk": 102,
    "model": "API.prop",
    "fields": {
        "name": "SCENEPROP_NAME",
        "description": "SCENEPROP_DESCRIPTION",
        "image": "props/102/apple green.png"
    }
},
{
    "pk": 103,
    "model": "API.prop",
    "fields": {
        "name": "SCENEPROP_NAME",
        "description": "SCENEPROP_DESCRIPTION",
        "image": "props/103/apple green.png"
    }
},
{
    "pk": 104,
    "model": "API.prop",
    "fields": {
        "name": "SCENEPROP_NAME",
        "description": "SCENEPROP_DESCRIPTION",
        "image": "props/104/apple yellow.png"
    }
},
{
    "pk": 105,
    "model": "API.prop",
    "fields": {
        "name": "SCENEPROP_NAME",
        "description": "SCENEPROP_DESCRIPTION",
        "image": "props/105/banana.png"
    }
},
{
    "pk": 106,
    "model": "API.prop",
    "fields": {
        "name": "SCENEPROP_NAME",
        "description": "SCENEPROP_DESCRIPTION",
        "image": "props/106/banana.png"
    }
},
{
    "pk": 107,
    "model": "API.prop",
    "fields": {
        "name": "SCENEPROP_NAME",
        "description": "SCENEPROP_DESCRIPTION",
        "image": "props/107/banana.png"
    }
},
{
    "pk": 108,
    "model": "API.prop",
    "fields": {
        "name": "SCENEPROP_NAME",
        "description": "SCENEPROP_DESCRIPTION",
        "image": "props/108/banana.png"
    }
},
{
    "pk": 109,
    "model": "API.prop",
    "fields": {
        "name": "SCENEPROP_NAME",
        "description": "SCENEPROP_DESCRIPTION",
        "image": "props/109/apple yellow.png"
    }
},
{
    "pk": 110,
    "model": "API.prop",
    "fields": {
        "name": "SCENEPROP_NAME",
        "description": "SCENEPROP_DESCRIPTION",
        "image": "props/110/apple yellow.png"
    }
},
{
    "pk": 111,
    "model": "API.prop",
    "fields": {
        "name": "SCENEPROP_NAME",
        "description": "SCENEPROP_DESCRIPTION",
        "image": "props/111/brown pear.png"
    }
},
{
    "pk": 112,
    "model": "API.prop",
    "fields": {
        "name": "SCENEPROP_NAME",
        "description": "SCENEPROP_DESCRIPTION",
        "image": "props/112/pinker pear2.png"
    }
},
{
    "pk": 113,
    "model": "API.prop",
    "fields": {
        "name": "SCENEPROP_NAME",
        "description": "SCENEPROP_DESCRIPTION",
        "image": "props/113/pinker pear1.png"
    }
},
{
    "pk": 114,
    "model": "API.prop",
    "fields": {
        "name": "SCENEPROP_NAME",
        "description": "SCENEPROP_DESCRIPTION",
        "image": "props/114/pinker pear1.png"
    }
},
{
    "pk": 115,
    "model": "API.prop",
    "fields": {
        "name": "SCENEPROP_NAME",
        "description": "SCENEPROP_DESCRIPTION",
        "image": "props/115/pear pink.png"
    }
},
{
    "pk": 116,
    "model": "API.prop",
    "fields": {
        "name": "SCENEPROP_NAME",
        "description": "SCENEPROP_DESCRIPTION",
        "image": "props/116/pear pink.png"
    }
},
{
    "pk": 117,
    "model": "API.prop",
    "fields": {
        "name": "SCENEPROP_NAME",
        "description": "SCENEPROP_DESCRIPTION",
        "image": "props/117/pinker pear2.png"
    }
},
{
    "pk": 118,
    "model": "API.prop",
    "fields": {
        "name": "SCENEPROP_NAME",
        "description": "SCENEPROP_DESCRIPTION",
        "image": "props/118/brown pear4.png"
    }
},
{
    "pk": 119,
    "model": "API.prop",
    "fields": {
        "name": "SCENEPROP_NAME",
        "description": "SCENEPROP_DESCRIPTION",
        "image": "props/119/brown pear4.png"
    }
},
{
    "pk": 120,
    "model": "API.prop",
    "fields": {
        "name": "SCENEPROP_NAME",
        "description": "SCENEPROP_DESCRIPTION",
        "image": "props/120/brown pear4.png"
    }
},
{
    "pk": 121,
    "model": "API.prop",
    "fields": {
        "name": "SCENEPROP_NAME",
        "description": "SCENEPROP_DESCRIPTION",
        "image": "props/121/brown pear4.png"
    }
},
{
    "pk": 122,
    "model": "API.prop",
    "fields": {
        "name": "SCENEPROP_NAME",
        "description": "SCENEPROP_DESCRIPTION",
        "image": "props/122/front flowers.tif"
    }
},
{
    "pk": 123,
    "model": "API.prop",
    "fields": {
        "name": "SCENEPROP_NAME",
        "description": "SCENEPROP_DESCRIPTION",
        "image": "props/123/characters part 2.tif"
    }
},
{
    "pk": 124,
    "model": "API.prop",
    "fields": {
        "name": "SCENEPROP_NAME",
        "description": "SCENEPROP_DESCRIPTION",
        "image": "props/124/front flowers.tif"
    }
},
{
    "pk": 125,
    "model": "API.prop",
    "fields": {
        "name": "SCENEPROP_NAME",
        "description": "SCENEPROP_DESCRIPTION",
        "image": "props/125/front flowers.tif"
    }
},
{
    "pk": 126,
    "model": "API.prop",
    "fields": {
        "name": "SCENEPROP_NAME",
        "description": "SCENEPROP_DESCRIPTION",
        "image": "props/126/characters part 2.tif"
    }
},
{
    "pk": 127,
    "model": "API.prop",
    "fields": {
        "name": "SCENEPROP_NAME",
        "description": "SCENEPROP_DESCRIPTION",
        "image": "props/127/front flowers.tif"
    }
},
{
    "pk": 128,
    "model": "API.prop",
    "fields": {
        "name": "SCENEPROP_NAME",
        "description": "SCENEPROP_DESCRIPTION",
        "image": "props/128/characters part 2.tif"
    }
},
{
    "pk": 129,
    "model": "API.prop",
    "fields": {
        "name": "SCENEPROP_NAME",
        "description": "SCENEPROP_DESCRIPTION",
        "image": "props/129/characters part 2.tif"
    }
},
{
    "pk": 130,
    "model": "API.prop",
    "fields": {
        "name": "SCENEPROP_NAME",
        "description": "SCENEPROP_DESCRIPTION",
        "image": "props/130/front flowers.tif"
    }
},
{
    "pk": 131,
    "model": "API.prop",
    "fields": {
        "name": "SCENEPROP_NAME",
        "description": "SCENEPROP_DESCRIPTION",
        "image": "props/131/characters part 2.tif"
    }
},
{
    "pk": 132,
    "model": "API.prop",
    "fields": {
        "name": "SCENEPROP_NAME",
        "description": "SCENEPROP_DESCRIPTION",
        "image": "props/132/front flowers.tif"
    }
},
{
    "pk": 133,
    "model": "API.prop",
    "fields": {
        "name": "SCENEPROP_NAME",
        "description": "SCENEPROP_DESCRIPTION",
        "image": "props/133/characters part 2.tif"
    }
},
{
    "pk": 134,
    "model": "API.prop",
    "fields": {
        "name": "SCENEPROP_NAME",
        "description": "SCENEPROP_DESCRIPTION",
        "image": "props/134/alice characters.png"
    }
},
{
    "pk": 135,
    "model": "API.prop",
    "fields": {
        "name": "SCENEPROP_NAME",
        "description": "SCENEPROP_DESCRIPTION",
        "image": "props/135/front of alice.png"
    }
},
{
    "pk": 136,
    "model": "API.prop",
    "fields": {
        "name": "SCENEPROP_NAME",
        "description": "SCENEPROP_DESCRIPTION",
        "image": "props/136/front railing.png"
    }
},
{
    "pk": 137,
    "model": "API.prop",
    "fields": {
        "name": "SCENEPROP_NAME",
        "description": "SCENEPROP_DESCRIPTION",
        "image": "props/137/table and potions.png"
    }
},
{
    "pk": 138,
    "model": "API.prop",
    "fields": {
        "name": "SCENEPROP_NAME",
        "description": "SCENEPROP_DESCRIPTION",
        "image": "props/138/book.png"
    }
},
{
    "pk": 139,
    "model": "API.prop",
    "fields": {
        "name": "SCENEPROP_NAME",
        "description": "SCENEPROP_DESCRIPTION",
        "image": "props/139/green bottle.png"
    }
},
{
    "pk": 140,
    "model": "API.prop",
    "fields": {
        "name": "SCENEPROP_NAME",
        "description": "SCENEPROP_DESCRIPTION",
        "image": "props/140/labbackground2.jpg"
    }
},
{
    "pk": 141,
    "model": "API.prop",
    "fields": {
        "name": "SCENEPROP_NAME",
        "description": "SCENEPROP_DESCRIPTION",
        "image": "props/141/labbackground2.jpg"
    }
}
]
